#,Name,Type 1,Type 2,HP,Attack,Defense,Sp. Atk,Sp. Def,Speed,Generation,Legendary,Total
1,Pokemon_001,Rock,Fire,215,182,23,102,115,122,3,False,759
2,Pokemon_002,Dark,Dark,154,102,169,30,152,190,6,False,797
3,Pokemon_003,Bug,Fire,41,223,95,224,55,114,6,False,752
4,Pokemon_004,Ground,Fairy,160,236,192,200,129,36,4,False,953
5,Pokemon_005,Rock,Fire,47,207,86,219,196,179,5,False,934
6,Pokemon_006,Bug,Dark,69,224,105,123,125,104,5,False,750
7,Pokemon_007,Bug,Water,50,78,213,87,77,187,6,True,692
8,Pokemon_008,Electric,Ghost,172,65,181,114,58,170,1,False,760
9,Pokemon_009,Ground,,254,155,110,175,99,75,3,True,868
10,Pokemon_010,Grass,Ground,128,97,202,222,116,153,6,False,918
11,Pokemon_011,Water,Ground,55,107,124,84,132,105,2,False,607
12,Pokemon_012,Poison,,37,134,20,68,80,197,3,False,536
13,Pokemon_013,Psychic,Rock,129,198,91,194,156,121,5,False,889
14,Pokemon_014,Water,,251,246,106,71,25,184,6,False,883
15,Pokemon_015,Fire,Psychic,116,151,185,121,128,73,4,False,774
16,Pokemon_016,Poison,Psychic,71,148,25,235,54,196,2,False,729
17,Pokemon_017,Poison,Grass,201,219,172,201,58,134,6,False,985
18,Pokemon_018,Fairy,Rock,43,143,229,207,169,158,1,False,949
19,Pokemon_019,Ice,,107,39,164,76,188,107,2,False,681
20,Pokemon_020,Steel,Ground,31,178,80,66,137,68,6,False,560
21,Pokemon_021,Dark,Ice,148,193,31,178,24,168,1,False,742
22,Pokemon_022,Dark,,66,169,25,193,189,134,2,True,776
23,Pokemon_023,Poison,Dark,98,120,46,45,106,82,1,False,497
24,Pokemon_024,Grass,Dark,195,31,155,133,228,123,1,False,865
25,Pokemon_025,Normal,Fire,70,147,143,24,95,102,2,False,581
26,Pokemon_026,Rock,,91,42,125,103,227,122,2,False,710
27,Pokemon_027,Flying,Rock,89,210,212,71,214,175,1,False,971
28,Pokemon_028,Rock,Electric,154,189,204,124,177,36,5,False,884
29,Pokemon_029,Fighting,Psychic,140,124,112,222,76,25,2,False,699
30,Pokemon_030,Electric,Fire,43,173,128,73,146,166,6,False,729
31,Pokemon_031,Ghost,Normal,246,61,118,180,220,47,3,False,872
32,Pokemon_032,Fighting,Fire,113,61,187,197,48,57,4,False,663
33,Pokemon_033,Flying,Electric,159,153,161,185,184,138,1,False,980
34,Pokemon_034,Water,Water,99,40,54,174,106,56,1,False,529
35,Pokemon_035,Dark,Ice,174,39,195,245,160,134,4,False,947
36,Pokemon_036,Rock,Normal,152,44,103,34,179,87,5,False,599
37,Pokemon_037,Poison,Ice,118,46,75,243,65,196,4,False,743
38,Pokemon_038,Ground,Fire,57,197,196,80,135,62,2,False,727
39,Pokemon_039,Dark,Psychic,95,175,160,141,131,183,4,False,885
40,Pokemon_040,Grass,Dragon,192,212,208,40,170,77,1,False,899
41,Pokemon_041,Ghost,Dark,34,230,68,65,64,32,4,False,493
42,Pokemon_042,Fairy,Electric,222,182,65,216,164,71,3,False,920
43,Pokemon_043,Electric,Dragon,197,88,132,153,123,77,6,False,770
44,Pokemon_044,Fighting,,233,107,209,57,104,51,2,False,761
45,Pokemon_045,Ground,Dark,213,153,155,81,213,124,4,False,939
46,Pokemon_046,Electric,Ground,193,246,62,105,153,102,1,False,861
47,Pokemon_047,Water,Normal,74,143,167,209,127,118,6,False,838
48,Pokemon_048,Psychic,Dark,180,51,143,229,37,123,2,False,763
49,Pokemon_049,Ice,Electric,76,187,116,97,113,47,1,False,636
50,Pokemon_050,Electric,Poison,60,241,109,221,169,148,5,False,948
51,Pokemon_051,Fighting,Dragon,168,242,58,65,52,189,3,False,774
52,Pokemon_052,Poison,Water,39,201,104,160,177,67,5,False,748
53,Pokemon_053,Water,,224,61,196,242,228,59,3,False,1010
54,Pokemon_054,Ice,,147,208,211,241,145,116,4,False,1068
55,Pokemon_055,Electric,Electric,43,203,81,22,179,133,2,False,661
56,Pokemon_056,Ghost,Electric,109,142,125,241,189,151,4,False,957
57,Pokemon_057,Steel,Bug,231,149,126,25,225,185,3,False,941
58,Pokemon_058,Dark,Normal,122,178,73,112,141,174,3,False,800
59,Pokemon_059,Ground,,39,151,145,27,157,156,3,False,675
60,Pokemon_060,Ghost,Bug,105,61,28,191,134,130,6,False,649
61,Pokemon_061,Ground,Ice,123,251,107,127,183,163,1,False,954
62,,Steel,Ground,134,148,56,180,181,95,2,False,794
63,Pokemon_063,Dragon,Psychic,30,68,68,228,220,50,4,False,664
64,Pokemon_064,Fighting,Psychic,162,41,60,94,47,138,4,False,542
65,Pokemon_065,Dark,Ground,49,204,36,96,30,161,5,False,576
66,Pokemon_066,Dragon,Dark,37,47,107,69,225,44,3,False,529
67,Pokemon_067,Flying,Ghost,200,178,40,30,186,53,3,False,687
68,Pokemon_068,Dark,Bug,233,170,70,114,66,86,3,False,739
69,Pokemon_069,Dragon,Poison,30,178,78,175,146,171,4,False,778
70,Pokemon_070,Fire,Dragon,86,155,186,89,166,137,5,False,819
71,Pokemon_071,Rock,Ground,93,165,202,188,137,92,1,False,877
72,Pokemon_072,Flying,Fighting,147,75,60,35,162,45,6,False,524
73,Pokemon_073,Fire,Fire,241,133,58,87,145,167,2,False,831
74,Pokemon_074,Poison,Dark,57,164,160,118,175,123,1,False,797
75,Pokemon_075,Ground,Ground,150,180,211,67,171,29,4,False,808
76,Pokemon_076,Bug,Bug,136,253,30,203,91,86,6,False,799
77,Pokemon_077,Fairy,Poison,194,232,166,83,126,171,6,False,972
78,Pokemon_078,Ground,Poison,204,115,158,206,156,24,6,False,863
79,Pokemon_079,Grass,Electric,233,179,96,109,194,46,3,False,857
80,Pokemon_080,Grass,Steel,194,118,146,209,52,132,2,False,851
81,Pokemon_081,Fire,Electric,78,51,65,95,209,34,4,False,532
82,Pokemon_082,Normal,Normal,149,121,64,158,38,182,4,False,712
83,Pokemon_083,Ice,Normal,73,58,20,120,214,124,6,False,609
84,Pokemon_084,Rock,Ground,85,42,187,108,93,63,4,False,578
85,Pokemon_085,Flying,Ice,185,239,127,37,187,45,2,False,820
86,Pokemon_086,Rock,Fairy,140,31,38,38,194,194,2,False,635
87,Pokemon_087,Flying,Flying,236,58,95,234,212,181,5,False,1016
88,Pokemon_088,Ground,,163,242,91,74,176,114,5,False,860
89,Pokemon_089,Poison,Ghost,137,236,219,121,197,197,1,False,1107
90,Pokemon_090,Water,Ground,218,209,208,137,117,103,2,False,992
91,Pokemon_091,Fire,Flying,177,56,128,229,160,159,2,False,909
92,Pokemon_092,Steel,Bug,143,79,31,173,148,151,2,False,725
93,Pokemon_093,Normal,Fire,107,124,208,153,181,106,5,False,879
94,Pokemon_094,Grass,Ghost,159,236,180,23,112,195,6,False,905
95,Pokemon_095,Poison,Normal,230,180,64,127,195,131,6,False,927
96,Pokemon_096,Ground,,66,117,109,134,224,148,4,False,798
97,Pokemon_097,Grass,Ghost,49,73,122,48,67,108,6,False,467
98,Pokemon_098,Fire,Electric,55,234,216,78,196,85,3,False,864
99,Pokemon_099,Grass,Fire,58,51,27,144,83,177,5,False,540
100,Pokemon_100,Normal,,30,200,172,117,80,150,2,False,749
101,Pokemon_101,Dark,Ground,148,194,110,36,176,141,6,False,805
102,Pokemon_102,Ghost,Dark,64,218,193,126,58,168,5,False,827
103,Pokemon_103,Grass,,227,126,106,62,147,103,6,False,771
104,Pokemon_104,Fire,Dark,88,213,177,99,107,196,1,False,880
105,Pokemon_105,Normal,Flying,98,32,194,213,45,135,2,False,717
106,Pokemon_106,Ghost,,190,220,196,181,36,135,1,False,958
107,Pokemon_107,Rock,Flying,208,147,194,27,90,57,2,False,723
108,Pokemon_108,Flying,Ice,235,48,103,160,32,162,5,False,740
109,Pokemon_109,Dark,,41,52,101,125,88,129,4,False,536
110,Pokemon_110,Dark,,49,186,165,27,45,199,6,False,671
111,Pokemon_111,Ice,Flying,210,59,213,241,68,65,6,False,856
112,Pokemon_112,Dragon,Grass,245,68,87,115,214,44,3,False,773
113,Pokemon_113,Rock,,72,137,180,247,26,40,1,False,702
114,Pokemon_114,Fairy,Bug,155,140,146,113,77,140,6,False,771
115,Pokemon_115,Electric,Psychic,246,54,183,84,68,141,5,False,776
116,Pokemon_116,Normal,Water,79,157,101,190,122,152,4,False,801
117,Pokemon_117,Rock,Rock,58,140,166,58,72,89,5,False,583
118,Pokemon_118,Dragon,Fighting,214,165,175,100,212,132,1,False,998
119,Pokemon_119,Dark,Water,68,135,187,206,81,126,3,False,803
120,Pokemon_120,Bug,Fairy,252,215,103,103,36,131,6,False,840
121,Pokemon_121,Electric,Bug,213,173,132,107,190,127,5,False,942
122,Pokemon_122,Dragon,Poison,200,101,95,105,44,66,2,False,611
123,Pokemon_123,Rock,,207,158,141,112,150,110,4,False,878
124,Pokemon_124,Water,Rock,180,137,162,105,226,37,5,False,847
125,Pokemon_125,Ice,,201,34,60,63,48,168,4,True,574
126,Pokemon_126,Dragon,Psychic,67,32,186,156,136,123,6,False,700
127,Pokemon_127,Psychic,,113,222,21,184,179,170,2,False,889
128,Pokemon_128,Poison,Fire,180,161,210,93,45,59,3,False,748
129,Pokemon_129,Poison,Fairy,157,133,48,55,143,157,3,False,693
130,Pokemon_130,Bug,Bug,155,253,124,120,163,108,2,False,923
131,Pokemon_131,Rock,Fighting,74,93,221,239,44,199,4,False,870
132,Pokemon_132,Fire,,81,135,213,175,73,80,6,False,757
133,Pokemon_133,Fire,Fairy,109,127,70,189,175,24,5,False,694
134,Pokemon_134,Dragon,Rock,207,246,94,190,92,141,2,False,970
135,Pokemon_135,Flying,Fairy,153,39,224,232,139,74,1,False,861
136,Pokemon_136,Grass,,148,178,29,235,75,56,4,False,721
137,Pokemon_137,Rock,Flying,37,157,161,189,84,75,3,False,703
138,Pokemon_138,Psychic,Fairy,114,75,229,123,112,121,2,False,774
139,Pokemon_139,Ground,,158,248,70,85,105,112,3,False,778
140,Pokemon_140,Flying,Ground,37,184,137,74,99,92,4,False,623
141,Pokemon_141,Normal,Fairy,186,95,220,219,188,78,3,False,986
142,Pokemon_142,Fire,Rock,125,198,140,195,127,21,2,False,806
143,Pokemon_143,Ice,Fire,131,141,58,110,198,123,4,False,761
144,Pokemon_144,Poison,Dragon,34,42,47,41,137,70,1,False,371
145,Pokemon_145,Dark,,115,166,22,120,218,49,2,False,690
146,Pokemon_146,Flying,,204,193,103,174,225,30,5,False,929
147,Pokemon_147,Fairy,Fairy,63,115,217,140,176,127,6,False,838
148,Pokemon_148,Fairy,Dragon,222,119,174,112,102,95,2,False,824
149,Pokemon_149,Poison,Steel,84,87,136,214,166,186,4,False,873
150,Pokemon_150,Rock,Ground,148,83,21,127,213,109,6,False,701
151,Pokemon_151,Water,,247,41,112,160,188,142,2,False,890
152,Pokemon_152,Grass,Fighting,200,238,185,192,192,144,1,False,1151
153,Pokemon_153,Fairy,Fire,231,235,150,29,34,141,1,False,820
154,Pokemon_154,Normal,Ghost,187,43,163,247,150,113,5,True,903
155,Pokemon_155,Fairy,,143,150,113,28,158,122,3,False,714
156,Pokemon_156,Fairy,Dark,239,191,59,201,200,181,6,False,1071
157,Pokemon_157,Fairy,Fighting,174,210,21,174,193,50,4,True,822
158,Pokemon_158,Water,Water,55,150,100,53,49,71,4,False,478
159,Pokemon_159,Water,Fairy,165,49,188,148,76,108,3,False,734
160,Pokemon_160,Normal,Fighting,76,104,31,179,165,95,1,False,650
161,Pokemon_161,Fire,Psychic,142,173,182,108,198,148,1,False,951
162,Pokemon_162,Fire,,105,252,84,112,147,41,2,False,741
163,Pokemon_163,Water,Electric,248,99,74,90,67,59,5,False,637
164,Pokemon_164,Poison,Fire,101,85,64,86,213,120,6,False,669
165,Pokemon_165,Psychic,Ground,118,240,226,231,155,130,5,False,1100
166,Pokemon_166,Electric,Rock,75,130,120,167,41,148,5,False,681
167,Pokemon_167,Bug,Grass,225,215,81,136,25,84,2,False,766
168,Pokemon_168,Fairy,Ice,62,161,68,113,223,189,5,False,816
169,Pokemon_169,Psychic,Ice,30,140,146,182,204,168,3,True,870
170,Pokemon_170,Normal,,176,154,172,118,123,98,2,False,841
171,Pokemon_171,Water,Ghost,60,161,42,132,55,41,3,False,491
172,Pokemon_172,Psychic,Water,237,49,171,122,98,185,2,False,862
173,Pokemon_173,Bug,Fire,171,167,57,110,135,118,5,False,758
174,Pokemon_174,Steel,Fighting,82,53,47,109,76,27,3,False,394
175,Pokemon_175,Steel,Rock,77,183,40,225,68,194,3,False,787
176,Pokemon_176,Fire,Ground,98,66,201,36,192,36,3,False,629
177,Pokemon_177,Flying,Fire,134,242,126,37,101,36,2,False,676
178,Pokemon_178,Psychic,Grass,119,83,165,192,85,109,4,False,753
179,Pokemon_179,Steel,Ground,219,132,183,135,96,160,5,False,925
180,Pokemon_180,Grass,Dark,249,178,118,112,64,164,3,False,885
181,Pokemon_181,Electric,Normal,223,231,192,231,98,185,6,False,1160
182,Pokemon_182,Grass,Grass,221,67,138,200,39,100,4,False,765
183,Pokemon_183,Rock,,227,203,92,110,211,97,6,False,940
184,Pokemon_184,Flying,Fire,92,33,200,101,142,192,5,False,760
185,Pokemon_185,Fire,Dark,102,217,141,87,86,25,5,True,658
186,Pokemon_186,Ground,Ground,190,86,49,212,102,182,3,False,821
187,Pokemon_187,Rock,Water,198,202,207,133,22,129,3,False,891
188,Pokemon_188,Fighting,Grass,118,49,127,20,201,33,2,False,548
189,Pokemon_189,Ground,Ghost,205,46,117,77,225,91,4,False,761
190,Pokemon_190,Fire,Ghost,42,148,51,173,83,162,4,False,659
191,Pokemon_191,Bug,Bug,102,100,214,128,59,73,3,False,676
192,Pokemon_192,Fighting,Steel,106,33,214,167,78,46,5,False,644
193,Pokemon_193,Ice,Electric,188,250,175,135,202,32,3,False,982
194,Pokemon_194,Grass,,232,43,191,106,81,178,5,False,831
195,Pokemon_195,Rock,Normal,97,32,98,29,151,182,5,False,589
196,Pokemon_196,Steel,,127,245,60,78,79,79,3,False,668
197,Pokemon_197,Steel,Ghost,154,109,82,222,135,25,1,False,727
198,Pokemon_198,Fairy,Steel,131,215,42,60,94,77,4,False,619
199,Pokemon_199,Water,Fighting,161,84,123,124,141,68,6,False,701
200,Pokemon_200,Fire,Rock,131,161,94,152,126,170,5,False,834
201,Pokemon_201,Steel,Ice,48,149,67,141,115,181,5,False,701
202,Pokemon_202,Poison,Rock,227,53,179,212,110,45,1,False,826
203,Pokemon_203,Normal,Fire,111,191,76,164,177,66,6,False,785
204,Pokemon_204,Normal,,170,187,137,41,149,24,2,False,708
205,Pokemon_205,Flying,,52,111,119,117,81,39,1,False,519
206,Pokemon_206,Flying,Steel,112,176,143,188,68,153,6,False,840
207,Pokemon_207,Grass,,138,188,180,240,156,78,1,False,980
208,Pokemon_208,Steel,Electric,104,217,171,87,111,165,5,False,855
209,Pokemon_209,Steel,Fighting,158,89,186,216,178,151,4,False,978
210,Pokemon_210,Grass,Water,117,176,53,158,143,36,1,False,683
211,Pokemon_211,Fire,Fire,83,78,203,75,80,33,2,False,552
212,Pokemon_212,Bug,Dark,228,92,175,198,226,32,3,False,951
213,Pokemon_213,Fairy,Normal,118,139,184,168,67,154,6,False,830
214,Pokemon_214,Ground,,242,240,26,118,172,147,1,False,945
215,Pokemon_215,Electric,Bug,172,179,215,95,183,63,1,False,907
216,Pokemon_216,Psychic,Ice,94,181,184,45,155,138,2,False,797
217,Pokemon_217,Ground,Water,105,138,75,134,220,162,4,False,834
218,Pokemon_218,Grass,Grass,228,105,84,166,77,38,1,False,698
219,Pokemon_219,Steel,Poison,172,59,212,128,120,82,1,False,773
220,Pokemon_220,Grass,,178,87,66,207,131,182,4,False,851
221,Pokemon_221,Fighting,Normal,176,146,167,218,192,100,2,False,999
222,Pokemon_222,Ghost,Normal,89,188,38,66,81,182,6,False,644
223,Pokemon_223,Fighting,Psychic,122,129,176,90,58,166,6,False,741
224,Pokemon_224,Water,Flying,246,221,221,173,77,167,1,False,1105
225,Pokemon_225,Grass,Water,190,48,207,59,228,119,4,False,851
226,Pokemon_226,Steel,,78,205,165,152,118,182,1,False,900
227,Pokemon_227,Flying,Poison,253,202,182,168,211,179,3,False,1195
228,Pokemon_228,Electric,Grass,64,123,190,225,63,141,6,False,806
229,Pokemon_229,Fire,,201,212,145,151,48,195,5,False,952
230,Pokemon_230,Electric,Poison,131,142,158,42,78,63,3,False,614
231,Pokemon_231,Fire,Fairy,247,212,68,125,90,123,1,False,865
232,Pokemon_232,Ghost,Ice,40,254,132,103,111,171,2,False,811
233,Pokemon_233,Steel,Ghost,128,175,57,162,28,80,6,False,630
234,Pokemon_234,Ground,Fairy,229,92,83,135,146,144,5,False,829
235,Pokemon_235,Rock,Fighting,139,145,88,128,153,164,3,False,817
236,Pokemon_236,Grass,,235,142,155,240,176,90,6,False,1038
237,Pokemon_237,Fairy,Fairy,103,249,181,155,205,126,4,False,1019
238,Pokemon_238,Fire,Ghost,223,76,195,60,164,69,2,False,787
239,Pokemon_239,Steel,Flying,203,232,135,131,163,84,3,False,948
240,Pokemon_240,Poison,Ground,38,86,203,166,150,118,4,False,761
241,Pokemon_241,Ghost,Water,32,147,223,131,40,51,1,False,624
242,Pokemon_242,Psychic,Dragon,114,74,84,122,83,183,4,False,660
243,Pokemon_243,Psychic,Rock,55,190,50,65,109,160,3,False,629
244,Pokemon_244,Dragon,Flying,101,174,151,175,55,77,3,False,733
245,Pokemon_245,Ground,Bug,77,227,132,238,81,147,1,False,902
246,Pokemon_246,Water,Ghost,223,33,128,87,189,161,4,False,821
247,Pokemon_247,Fire,Electric,227,177,197,141,95,184,4,False,1021
248,Pokemon_248,Dark,Dragon,185,76,88,34,189,131,1,False,703
249,Pokemon_249,Fire,Water,146,248,177,246,208,87,4,False,1112
250,Pokemon_250,Normal,Normal,250,172,139,184,32,59,6,True,836
251,Pokemon_251,Steel,Bug,183,227,107,148,30,163,1,False,858
252,Pokemon_252,Electric,Psychic,182,76,206,214,73,151,2,False,902
253,Pokemon_253,Grass,Fighting,41,107,86,130,35,192,3,False,591
254,Pokemon_254,Fairy,,162,153,94,43,27,109,2,False,588
255,Pokemon_255,Fairy,Ice,77,104,64,46,123,47,6,False,461
256,Pokemon_256,Poison,Electric,66,132,23,59,78,115,6,False,473
257,Pokemon_257,Ghost,Flying,236,166,173,210,76,50,5,False,911
258,Pokemon_258,Psychic,Psychic,73,119,174,208,59,22,5,False,655
259,Pokemon_259,Grass,Water,44,173,193,183,206,155,5,False,954
260,Pokemon_260,Flying,Fairy,72,98,126,245,149,43,1,False,733
261,Pokemon_261,Normal,Normal,205,90,211,240,113,34,4,False,893
262,Pokemon_262,Fairy,Psychic,116,167,70,43,223,190,6,False,809
263,Pokemon_263,Ghost,Poison,99,79,69,43,157,178,2,False,625
264,Pokemon_264,Grass,,75,32,25,23,63,64,2,False,282
265,Pokemon_265,Fire,Ice,137,234,78,86,158,27,2,False,720
266,Pokemon_266,Fire,,152,136,144,53,226,90,2,False,801
267,Pokemon_267,Grass,Psychic,200,142,162,204,99,127,5,False,934
268,Pokemon_268,Fighting,Ground,50,123,49,196,100,134,2,False,652
269,Pokemon_269,Ice,Water,180,147,189,234,21,122,4,False,893
270,Pokemon_270,Grass,Poison,136,227,141,200,197,144,5,False,1045
271,Pokemon_271,Ground,Dragon,109,110,144,135,159,76,2,False,733
272,Pokemon_272,Ghost,,76,138,56,42,134,49,1,False,495
273,Pokemon_273,Fighting,Rock,146,80,189,128,109,165,3,False,817
274,Pokemon_274,Dark,Ice,153,176,143,88,42,133,3,True,735
275,Pokemon_275,Water,Dragon,172,199,120,114,165,136,3,True,906
276,Pokemon_276,Ice,Fairy,54,64,54,200,81,186,5,False,639
277,Pokemon_277,Water,,65,75,106,81,132,79,2,False,538
278,Pokemon_278,Fairy,Ghost,232,183,153,188,147,117,6,False,1020
279,Pokemon_279,Ground,Water,80,98,215,76,81,190,6,False,740
280,Pokemon_280,Fire,Bug,44,122,37,207,57,145,6,False,612
281,Pokemon_281,Flying,Fire,97,93,220,73,214,192,5,False,889
282,Pokemon_282,Bug,,50,194,132,89,185,170,4,False,820
283,Pokemon_283,Steel,,170,241,48,120,214,113,1,False,906
284,Pokemon_284,Rock,Electric,243,78,96,76,80,153,1,False,726
285,Pokemon_285,Ice,,48,178,78,157,148,141,3,False,750
286,Pokemon_286,Grass,,63,103,194,187,192,127,3,False,866
287,Pokemon_287,Fighting,Bug,107,221,145,154,175,23,6,False,825
288,Pokemon_288,Dragon,Ground,154,34,164,122,168,112,6,False,754
289,Pokemon_289,Rock,Bug,225,129,128,185,141,170,3,False,978
290,Pokemon_290,Electric,Electric,146,99,41,104,129,25,2,False,544
291,Pokemon_291,Dragon,Fairy,81,119,87,80,32,51,4,False,450
292,Pokemon_292,Fire,Rock,56,33,88,231,174,125,4,False,707
293,Pokemon_293,Ground,Ground,186,155,184,22,119,165,4,False,831
294,Pokemon_294,Ghost,Grass,185,68,68,147,154,34,4,False,656
295,Pokemon_295,Steel,Water,64,192,160,198,41,187,3,False,842
296,Pokemon_296,Ghost,Dark,165,158,181,105,93,141,1,False,843
297,Pokemon_297,Poison,Normal,173,53,128,66,200,115,3,False,735
298,Pokemon_298,Dark,Fire,135,86,105,215,226,25,4,False,792
299,Pokemon_299,Water,Electric,193,129,72,239,226,131,3,False,990
300,Pokemon_300,Water,Dark,187,99,142,95,151,139,4,False,813
301,Pokemon_301,Fairy,,175,70,106,57,42,142,5,False,592
302,Pokemon_302,Ice,,31,211,198,183,138,86,6,False,847
303,Pokemon_303,Psychic,Grass,206,203,150,188,89,125,1,False,961
304,Pokemon_304,Dark,,106,89,61,216,103,158,5,False,733
305,Pokemon_305,Bug,Bug,161,137,117,160,120,62,2,False,757
306,Pokemon_306,Normal,Fairy,119,217,179,106,103,164,3,False,888
307,Pokemon_307,Fire,Dragon,118,86,128,77,223,115,2,False,747
308,Pokemon_308,Ground,Bug,123,60,70,69,180,151,3,False,653
309,Pokemon_309,Poison,Water,232,113,104,49,47,100,6,False,645
310,Pokemon_310,Poison,Flying,36,181,193,209,155,60,5,False,834
311,Pokemon_311,Normal,Water,124,246,146,120,20,152,6,False,808
312,Pokemon_312,Rock,,137,65,40,44,184,179,4,False,649
313,Pokemon_313,Electric,Flying,103,242,63,131,82,54,6,False,675
314,Pokemon_314,Psychic,Flying,68,187,158,174,41,41,6,False,669
315,Pokemon_315,Dragon,Ground,170,181,122,198,89,169,4,False,929
316,Pokemon_316,Dark,Fairy,188,137,87,225,144,131,3,False,912
317,Pokemon_317,Grass,Fire,100,135,148,204,168,30,4,False,785
318,Pokemon_318,Ground,Bug,220,187,111,145,115,22,5,False,800
319,Pokemon_319,Steel,Ground,85,115,210,142,182,156,6,False,890
320,Pokemon_320,Dragon,Ice,199,249,43,66,98,79,4,False,734
321,Pokemon_321,Fighting,Rock,218,164,144,137,24,95,6,False,782
322,Pokemon_322,Ice,Grass,71,192,160,247,79,106,5,False,855
323,Pokemon_323,Fairy,Grass,213,212,130,58,139,33,2,False,785
324,Pokemon_324,Normal,Fighting,65,249,117,35,65,37,5,False,568
325,Pokemon_325,Flying,Normal,113,43,158,41,197,132,1,False,684
326,Pokemon_326,Poison,Poison,225,149,198,232,195,92,1,False,1091
327,Pokemon_327,Fire,Poison,147,167,36,73,153,42,1,False,618
328,Pokemon_328,Fire,,36,109,118,168,75,102,6,False,608
329,Pokemon_329,Dark,Psychic,83,173,101,219,129,144,3,False,849
330,Pokemon_330,Water,Water,158,211,123,35,206,194,3,False,927
331,Pokemon_331,Steel,Poison,201,252,171,78,176,88,3,False,966
332,Pokemon_332,Ground,,149,135,38,50,218,66,6,False,656
333,Pokemon_333,Dragon,Normal,202,246,184,189,123,135,5,False,1079
334,Pokemon_334,Fire,Poison,135,234,104,221,96,49,3,False,839
335,Pokemon_335,Steel,Fairy,76,99,27,51,165,44,2,False,462
336,Pokemon_336,Rock,Fairy,152,73,47,206,21,175,1,False,674
337,Pokemon_337,Normal,Ice,170,102,24,181,27,131,5,False,635
338,Pokemon_338,Grass,Fairy,148,74,164,28,94,44,1,False,552
339,Pokemon_339,Poison,Dark,179,213,120,228,201,93,3,False,1034
340,Pokemon_340,Steel,Poison,147,136,183,158,144,77,5,False,845
341,Pokemon_341,Normal,Steel,50,113,137,243,57,113,4,False,713
342,Pokemon_342,Ghost,,243,111,166,29,195,138,2,False,882
343,Pokemon_343,Normal,Ground,249,136,83,233,46,146,3,True,893
344,Pokemon_344,Dark,,166,214,110,36,39,188,3,False,753
345,Pokemon_345,Fairy,Fairy,55,50,136,87,159,44,2,False,531
346,Pokemon_346,Ghost,Normal,38,225,117,67,62,97,2,False,606
347,Pokemon_347,Normal,Steel,44,207,30,199,208,118,4,True,806
348,Pokemon_348,Poison,Psychic,39,190,73,130,50,135,3,False,617
349,Pokemon_349,Steel,Ground,245,248,192,172,110,67,6,False,1034
350,Pokemon_350,Steel,Fighting,151,36,66,142,80,29,3,False,504
351,Pokemon_351,Rock,Poison,150,99,159,168,221,118,1,False,915
352,Pokemon_352,Electric,Dark,154,156,168,120,214,30,5,False,842
353,Pokemon_353,Fire,Flying,199,172,158,121,128,104,5,False,882
354,Pokemon_354,Normal,Dragon,101,239,24,84,110,168,1,False,726
355,Pokemon_355,Ice,Dark,181,189,228,210,182,192,5,False,1182
356,Pokemon_356,Normal,Ice,237,232,203,236,114,154,2,False,1176
357,Pokemon_357,Electric,Steel,78,177,39,70,162,145,5,False,671
358,Pokemon_358,Water,Rock,183,245,188,55,163,83,5,False,917
359,Pokemon_359,Ice,Fairy,120,172,65,100,32,21,1,False,510
360,Pokemon_360,Fire,,66,205,31,146,132,95,4,False,675
361,Pokemon_361,Normal,Rock,97,228,89,107,54,140,5,False,715
362,Pokemon_362,Dragon,Ghost,79,178,36,213,222,61,6,False,789
363,Pokemon_363,Electric,Dark,181,199,134,123,206,73,5,False,916
364,Pokemon_364,Steel,,48,183,166,34,168,94,4,False,693
365,Pokemon_365,Steel,Rock,129,149,173,115,201,35,1,False,802
366,Pokemon_366,Water,Flying,89,157,67,186,222,37,4,False,758
367,Pokemon_367,Fairy,,196,171,127,142,177,109,1,False,922
368,Pokemon_368,Poison,Steel,231,86,71,217,67,163,2,False,835
369,Pokemon_369,Fighting,Ground,118,194,115,20,54,25,1,False,526
370,Pokemon_370,Grass,Fighting,175,87,89,170,105,127,2,False,753
371,Pokemon_371,Fire,Fighting,176,50,202,141,185,194,2,False,948
372,Pokemon_372,Fire,,193,111,121,186,178,67,1,False,856
373,Pokemon_373,Bug,Rock,231,98,94,145,225,61,6,False,854
374,Pokemon_374,Normal,Grass,254,160,180,76,171,95,3,False,936
375,Pokemon_375,Poison,Fighting,212,116,209,100,133,96,1,False,866
376,Pokemon_376,Grass,Ice,98,247,170,181,196,151,5,False,1043
377,Pokemon_377,Fire,Rock,204,194,162,188,119,149,6,False,1016
378,Pokemon_378,Fire,Fairy,78,245,174,240,179,78,6,False,994
379,Pokemon_379,Ground,Ghost,137,78,222,92,202,174,5,True,905
380,Pokemon_380,Ice,Grass,190,176,211,160,226,46,3,False,1009
381,Pokemon_381,Bug,Poison,148,144,228,89,205,98,6,False,912
382,Pokemon_382,Poison,Dragon,178,118,198,25,118,91,2,True,728
383,Pokemon_383,Dragon,Water,238,114,200,103,22,26,3,False,703
384,Pokemon_384,Poison,Grass,179,157,225,71,227,130,5,False,989
385,Pokemon_385,Ghost,Normal,205,169,101,22,216,138,3,False,851
386,Pokemon_386,Water,Bug,66,218,111,100,104,193,1,False,792
387,Pokemon_387,Fighting,Ground,172,198,198,82,144,82,3,False,876
388,Pokemon_388,Grass,Poison,192,190,194,68,157,143,2,False,944
389,Pokemon_389,Fairy,Rock,249,207,23,95,102,31,1,False,707
390,Pokemon_390,Ground,Dark,228,146,154,131,44,160,4,False,863
391,Pokemon_391,Ice,Fairy,189,225,128,194,87,62,5,False,885
392,Pokemon_392,Water,Electric,40,156,182,128,80,36,5,False,622
393,Pokemon_393,Flying,Dragon,167,100,67,202,48,82,3,False,666
394,Pokemon_394,Rock,Fighting,230,115,92,211,146,139,6,False,933
395,Pokemon_395,Electric,Fire,107,62,91,84,38,55,1,False,437
396,Pokemon_396,Fighting,Steel,106,110,135,100,190,27,4,False,668
397,Pokemon_397,Dragon,Dragon,214,181,192,214,213,88,1,False,1102
398,Pokemon_398,Bug,Ice,182,90,100,237,93,109,5,False,811
399,Pokemon_399,Electric,Poison,31,90,100,34,80,55,1,False,390
400,Pokemon_400,Electric,Water,93,127,132,119,190,47,4,True,708
401,Pokemon_401,Ice,Grass,64,57,115,51,172,137,6,False,596
402,Pokemon_402,Normal,Ice,36,215,91,115,39,112,3,False,608
403,Pokemon_403,Flying,Water,114,72,166,147,67,194,2,False,760
404,Pokemon_404,Grass,Dragon,175,198,82,215,106,95,1,False,871
405,Pokemon_405,Fairy,Dragon,96,196,57,165,171,120,2,False,805
406,Pokemon_406,Grass,Fighting,71,115,86,132,158,177,5,False,739
407,Pokemon_407,Steel,Grass,147,206,206,102,129,170,3,False,960
408,Pokemon_408,Electric,Rock,154,46,88,62,202,163,3,True,715
409,Pokemon_409,Fighting,Ghost,196,127,32,135,47,33,1,False,570
410,Pokemon_410,Fairy,,198,227,194,182,216,90,6,False,1107
411,Pokemon_411,Rock,Fairy,232,227,208,97,210,199,3,False,1173
412,Pokemon_412,Normal,,53,127,50,77,78,143,1,False,528
413,Pokemon_413,Poison,Poison,217,94,227,52,152,144,1,False,886
414,Pokemon_414,Fairy,Steel,75,103,133,33,70,56,2,False,470
415,Pokemon_415,Dragon,Poison,48,114,41,181,168,48,3,False,600
416,Pokemon_416,Grass,Dark,97,34,112,208,31,162,1,False,644
417,Pokemon_417,Flying,Ice,247,31,190,151,69,194,2,False,882
418,Pokemon_418,Fairy,Rock,131,51,86,235,151,193,4,False,847
419,Pokemon_419,Fairy,,71,141,73,78,132,199,2,False,694
420,Pokemon_420,Steel,Normal,61,86,157,176,189,38,2,False,707
421,Pokemon_421,Dragon,Fire,196,95,61,102,185,125,1,False,764
422,Pokemon_422,Fairy,Fairy,138,103,83,153,172,40,5,False,689
423,Pokemon_423,Electric,Grass,65,127,145,140,33,83,5,False,593
424,Pokemon_424,Poison,Dragon,126,173,40,244,222,184,6,False,989
425,Pokemon_425,Flying,Ghost,193,141,227,196,51,46,5,False,854
426,Pokemon_426,Poison,Fighting,160,208,223,187,158,74,2,False,1010
427,Pokemon_427,Flying,Electric,102,154,213,102,208,48,6,False,827
428,Pokemon_428,Rock,Fighting,165,196,188,212,165,167,1,False,1093
429,Pokemon_429,Ghost,Normal,126,115,171,216,174,44,3,False,846
430,Pokemon_430,Dark,Steel,152,105,54,46,74,89,2,False,520
431,Pokemon_431,Steel,Fire,99,117,203,99,201,82,2,False,801
432,Pokemon_432,Normal,,198,197,49,153,229,183,6,False,1009
433,Pokemon_433,Grass,Ghost,225,67,76,32,139,149,1,False,688
434,Pokemon_434,Poison,Dark,42,217,66,83,94,169,4,True,671
435,Pokemon_435,Electric,Flying,78,88,182,209,40,35,2,False,632
436,Pokemon_436,Steel,Dark,89,167,38,246,191,165,4,False,896
437,Pokemon_437,Rock,Fairy,159,128,133,166,152,119,4,False,857
438,Pokemon_438,Dragon,Electric,217,221,27,223,106,49,5,False,843
439,Pokemon_439,Ice,Poison,34,92,45,99,188,64,1,False,522
440,Pokemon_440,Rock,Normal,201,78,132,142,78,38,4,False,669
441,Pokemon_441,Ghost,Normal,56,221,90,62,108,53,1,False,590
442,Pokemon_442,Normal,Bug,189,61,49,221,201,160,5,False,881
443,Pokemon_443,Grass,Psychic,178,164,154,108,221,190,1,False,1015
444,Pokemon_444,Bug,Rock,37,50,86,167,169,81,2,False,590
445,Pokemon_445,Bug,Ghost,229,49,84,114,102,137,4,False,715
446,Pokemon_446,Fighting,Bug,79,183,55,215,84,119,1,False,735
447,Pokemon_447,Dark,Dragon,96,156,44,191,83,41,3,False,611
448,Pokemon_448,Poison,Water,73,97,56,170,90,199,1,False,685
449,Pokemon_449,Flying,Rock,154,139,20,21,23,199,4,False,556
450,Pokemon_450,Ice,,87,145,162,139,212,130,5,False,875
451,Pokemon_451,Poison,Electric,32,243,56,41,162,183,5,False,717
452,Pokemon_452,Fairy,Ground,115,172,160,134,123,92,4,False,796
453,Pokemon_453,Psychic,,99,149,155,76,223,166,2,False,868
454,Pokemon_454,Rock,,159,242,152,248,169,57,2,False,1027
455,Pokemon_455,Ghost,,244,108,207,91,194,89,5,False,933
456,Pokemon_456,Dragon,Dragon,201,243,147,26,228,135,5,False,980
457,Pokemon_457,Ground,Ghost,31,145,220,225,112,98,4,False,831
458,Pokemon_458,Ice,Ice,131,121,146,203,193,167,2,False,961
459,Pokemon_459,Flying,Bug,238,43,20,138,161,28,5,False,628
460,Pokemon_460,Fighting,Water,64,184,183,214,197,51,2,False,893
461,Pokemon_461,Water,Flying,127,154,54,133,167,151,5,False,786
462,Pokemon_462,Normal,Fairy,244,197,213,35,197,69,1,False,955
463,Pokemon_463,Normal,Grass,59,87,210,102,131,101,3,True,690
464,Pokemon_464,Psychic,Psychic,145,57,123,198,180,24,6,False,727
465,Pokemon_465,Ground,Normal,37,55,42,229,138,167,1,False,668
466,Pokemon_466,Steel,Normal,179,142,28,227,78,106,6,False,760
467,Pokemon_467,Dragon,Dark,73,220,53,91,62,145,5,False,644
468,Pokemon_468,Fire,Fairy,215,95,193,143,226,94,3,False,966
469,Pokemon_469,Fairy,Flying,65,182,225,244,31,184,3,False,931
470,Pokemon_470,Rock,Grass,226,160,147,132,59,41,5,False,765
471,Pokemon_471,Dragon,,106,229,23,31,137,87,5,False,613
472,Pokemon_472,Electric,Fairy,250,73,177,145,39,63,2,False,747
473,Pokemon_473,Electric,Ice,60,126,121,72,185,53,5,False,617
474,Pokemon_474,Psychic,Grass,76,71,94,94,150,96,4,False,581
475,Pokemon_475,Poison,Fighting,84,35,118,152,175,61,5,False,625
476,Pokemon_476,Rock,Fighting,237,196,91,46,203,156,4,False,929
477,Pokemon_477,Ice,Fairy,135,209,22,159,109,125,5,False,759
478,Pokemon_478,Rock,Grass,219,52,161,164,113,114,2,False,823
479,Pokemon_479,Grass,Grass,187,118,207,153,32,154,4,False,851
480,Pokemon_480,Dragon,Psychic,150,152,224,116,224,87,1,False,953
481,Pokemon_481,Dragon,Dragon,84,207,192,24,85,166,4,True,758
482,Pokemon_482,Fighting,Dark,173,200,53,76,56,178,2,False,736
483,Pokemon_483,Ground,Flying,41,176,64,175,196,147,6,False,799
484,Pokemon_484,Flying,Electric,174,226,80,97,85,182,4,False,844
485,Pokemon_485,Rock,Ghost,173,80,102,88,55,104,5,True,602
486,Pokemon_486,Fire,Normal,169,40,142,137,201,178,5,False,867
487,Pokemon_487,Grass,Water,165,41,121,139,45,102,6,False,613
488,Pokemon_488,Dragon,Bug,241,103,35,78,94,114,2,False,665
489,Pokemon_489,Fairy,Flying,32,37,85,52,219,51,3,False,476
490,Pokemon_490,Fire,Grass,173,181,187,81,127,85,5,False,834
491,Pokemon_491,Psychic,Flying,59,249,164,69,187,135,1,False,863
492,Pokemon_492,Psychic,Grass,52,70,138,131,62,157,2,False,610
493,Pokemon_493,Poison,Water,121,193,181,38,169,149,4,False,851
494,Pokemon_494,Dragon,Poison,144,114,143,233,167,79,4,False,880
495,Pokemon_495,Dragon,Ice,133,101,163,216,27,36,1,False,676
496,Pokemon_496,Dark,Flying,147,84,121,142,48,115,5,False,657
497,Pokemon_497,Steel,Dark,34,166,207,213,59,163,2,False,842
498,Pokemon_498,Bug,Ground,241,76,85,241,177,35,1,False,855
499,Pokemon_499,Normal,Normal,133,172,213,66,228,65,5,True,877
500,Pokemon_500,Electric,Bug,137,205,32,186,147,186,2,True,893
501,Pokemon_501,Grass,Water,94,133,203,215,103,178,4,False,926
502,Pokemon_502,Fighting,Dark,150,239,130,52,135,126,2,False,832
503,Pokemon_503,Dark,Psychic,59,71,178,160,202,107,6,False,777
504,Pokemon_504,Flying,Ground,178,89,53,103,163,148,3,False,734
505,Pokemon_505,Fairy,Normal,113,241,58,201,193,158,2,False,964
506,Pokemon_506,Ghost,Steel,227,227,214,154,81,138,3,False,1041
507,Pokemon_507,Dark,Fighting,179,41,155,98,26,104,2,False,603
508,Pokemon_508,Fire,Psychic,239,159,225,234,227,23,3,False,1107
509,Pokemon_509,Grass,Normal,229,36,139,33,64,90,6,False,591
510,Pokemon_510,Steel,Steel,61,109,145,234,206,173,4,False,928
511,Pokemon_511,Bug,Dragon,190,160,74,166,203,130,5,False,923
512,Pokemon_512,Poison,Normal,45,138,46,147,195,69,3,False,640
513,Pokemon_513,Ice,Dragon,233,32,137,73,174,159,6,False,808
514,Pokemon_514,Steel,Fairy,67,56,72,240,200,114,3,False,749
515,Pokemon_515,Ground,Fighting,171,143,58,167,107,111,4,False,757
516,Pokemon_516,Psychic,Ground,65,136,84,48,92,84,3,False,509
517,Pokemon_517,Poison,Dragon,254,69,164,43,182,66,6,False,778
518,Pokemon_518,Ground,,180,190,177,101,198,125,6,False,971
519,Pokemon_519,Electric,Grass,143,249,200,82,56,149,1,False,879
520,Pokemon_520,Ground,Ground,95,158,32,221,228,125,4,False,859
521,Pokemon_521,Fighting,Water,134,37,40,124,138,43,1,False,516
522,Pokemon_522,Normal,Ground,114,130,166,76,76,23,4,False,585
523,Pokemon_523,Flying,Dragon,31,189,72,155,27,127,3,False,601
524,Pokemon_524,Electric,Dragon,248,153,38,237,226,38,6,False,940
525,Pokemon_525,Fairy,Fire,230,205,76,81,114,173,1,False,879
526,Pokemon_526,Flying,Psychic,222,136,44,176,136,59,3,False,773
527,Pokemon_527,Fire,,104,130,50,221,129,69,6,False,703
528,Pokemon_528,Dragon,Steel,96,33,100,36,39,190,4,False,494
529,Pokemon_529,Steel,Ground,209,251,202,85,143,94,6,False,984
530,Pokemon_530,Dragon,Fire,219,227,42,25,72,31,3,False,616
531,Pokemon_531,Ghost,Steel,180,139,51,77,138,46,1,False,631
532,Pokemon_532,Grass,Flying,183,48,209,88,31,132,1,False,691
533,Pokemon_533,Psychic,Dragon,225,61,93,175,196,68,6,False,818
534,Pokemon_534,Fighting,Bug,239,166,29,81,36,163,3,False,714
535,Pokemon_535,Normal,Dragon,84,41,219,188,83,149,2,False,764
536,Pokemon_536,Dark,,35,168,73,216,61,79,4,False,632
537,Pokemon_537,Water,Ice,192,75,71,101,113,49,4,False,601
538,Pokemon_538,Ice,Electric,179,148,167,237,176,103,3,False,1010
539,Pokemon_539,Fighting,Psychic,200,45,179,231,166,185,2,False,1006
540,Pokemon_540,Dragon,Rock,172,158,133,188,30,47,1,False,728
541,Pokemon_541,Normal,Normal,115,92,33,196,117,44,5,False,597
542,Pokemon_542,Fire,Bug,89,138,197,238,197,115,5,False,974
543,Pokemon_543,Fire,Dragon,130,148,175,196,90,144,3,False,883
544,Pokemon_544,Fighting,,41,50,129,223,127,29,2,False,599
545,Pokemon_545,Dark,Ice,78,187,72,90,77,61,2,False,565
546,Pokemon_546,Fairy,Ice,71,42,171,150,53,59,4,False,546
547,Pokemon_547,Bug,Bug,195,191,98,29,39,96,1,False,648
548,Pokemon_548,Fairy,,111,33,41,117,69,124,6,False,495
549,Pokemon_549,Dragon,Rock,202,185,49,108,121,137,2,False,802
550,Pokemon_550,Fire,Fighting,64,131,210,54,157,61,6,False,677
551,Pokemon_551,Water,Electric,187,252,23,227,179,66,5,False,934
552,Pokemon_552,Flying,Water,245,88,224,21,71,184,6,True,833
553,Pokemon_553,Grass,Ghost,187,157,78,143,34,41,1,False,640
554,Pokemon_554,Fire,Dragon,235,56,27,43,103,126,1,False,590
555,Pokemon_555,Steel,Poison,163,98,229,93,150,46,6,False,779
556,Pokemon_556,Psychic,Rock,96,54,31,185,56,60,3,False,482
557,Pokemon_557,Fairy,Water,109,160,138,41,145,99,2,False,692
558,Pokemon_558,Normal,Dragon,36,126,178,173,59,181,3,False,753
559,Pokemon_559,Normal,Ghost,209,225,225,190,91,179,6,False,1119
560,Pokemon_560,Psychic,Fairy,43,54,53,202,59,108,2,False,519
561,Pokemon_561,Grass,Flying,102,177,101,58,75,85,4,False,598
562,Pokemon_562,Normal,Fairy,172,191,117,238,170,31,3,False,919
563,Pokemon_563,Normal,Ground,178,183,146,176,123,187,3,False,993
564,Pokemon_564,Ice,Water,192,155,94,249,158,92,6,False,940
565,Pokemon_565,Ice,Dragon,95,162,124,39,129,95,5,False,644
566,Pokemon_566,Fairy,Grass,120,218,223,238,211,109,6,False,1119
567,Pokemon_567,Ghost,Steel,159,249,68,60,155,29,3,False,720
568,Pokemon_568,Flying,Psychic,192,250,98,201,112,115,2,False,968
569,Pokemon_569,Ghost,,239,38,204,167,113,195,5,False,956
570,Pokemon_570,Fire,Rock,235,145,112,127,75,39,6,False,733
571,Pokemon_571,Dragon,Ice,49,207,173,166,79,58,6,False,732
572,Pokemon_572,Dragon,Flying,239,163,37,103,157,79,3,False,778
573,Pokemon_573,Electric,Water,39,240,115,246,58,85,3,False,783
574,Pokemon_574,Fire,Dark,54,89,57,130,47,84,4,False,461
575,Pokemon_575,Fairy,Normal,223,201,228,85,68,198,6,True,1003
576,Pokemon_576,Ground,Electric,54,150,106,177,183,143,3,False,813
577,Pokemon_577,Water,,83,168,107,72,144,183,1,True,757
578,Pokemon_578,Ground,Electric,62,223,69,53,32,171,5,False,610
579,Pokemon_579,Rock,Fighting,193,204,27,169,55,174,1,True,822
580,Pokemon_580,Water,Electric,124,137,188,86,120,149,5,False,804
581,Pokemon_581,Grass,Fairy,43,137,153,153,45,178,6,False,709
582,Pokemon_582,Fighting,Poison,94,230,88,226,105,76,4,False,819
583,Pokemon_583,Poison,Fairy,139,242,191,46,23,97,3,False,738
584,Pokemon_584,Fire,Ice,109,245,140,29,101,48,3,False,672
585,Pokemon_585,Poison,Fire,83,243,83,92,211,34,3,False,746
586,Pokemon_586,Normal,Fighting,154,160,176,244,185,31,6,False,950
587,Pokemon_587,Fairy,Fighting,209,105,175,115,146,120,5,False,870
588,Pokemon_588,Steel,Ghost,160,249,158,67,107,175,3,False,916
589,Pokemon_589,Dark,Dark,198,59,140,89,146,103,1,False,735
590,Pokemon_590,Dark,Poison,163,247,84,206,139,144,3,False,983
591,Pokemon_591,Normal,Electric,54,50,126,119,41,122,6,False,512
592,Pokemon_592,Ghost,Grass,170,185,166,78,149,43,4,False,791
593,Pokemon_593,Water,,146,247,156,21,50,168,1,False,788
594,Pokemon_594,Bug,Poison,165,219,174,176,138,157,3,False,1029
595,Pokemon_595,Rock,Rock,178,190,181,215,30,129,3,False,923
596,Pokemon_596,Psychic,Bug,225,242,191,84,65,97,2,False,904
597,Pokemon_597,Water,Fire,54,192,215,102,115,120,5,False,798
598,Pokemon_598,Psychic,Psychic,108,209,119,173,209,165,1,False,983
599,Pokemon_599,Fighting,Dark,97,63,101,236,216,161,2,False,874
600,Pokemon_600,Water,Dark,202,70,162,29,211,181,4,False,855
601,Pokemon_601,Fighting,,217,80,70,72,29,147,5,False,615
602,Pokemon_602,Dark,Bug,41,204,160,98,187,77,1,False,767
603,Pokemon_603,Water,Water,61,111,102,78,147,95,3,False,594
604,Pokemon_604,Psychic,Ghost,157,87,196,169,171,169,1,False,949
605,Pokemon_605,Fire,Water,125,104,217,198,118,55,3,False,817
606,Pokemon_606,Dark,Electric,121,214,131,67,191,192,5,False,916
607,Pokemon_607,Ice,Fairy,170,52,75,168,131,183,3,False,779
608,Pokemon_608,Fairy,Grass,60,205,223,142,79,41,4,False,750
609,Pokemon_609,Normal,Dragon,107,157,198,41,209,146,6,False,858
610,Pokemon_610,Electric,Flying,49,179,184,119,106,99,3,False,736
611,Pokemon_611,Ice,Rock,175,46,164,117,164,119,4,False,785
612,Pokemon_612,Fairy,Dark,250,98,205,177,84,115,6,False,929
613,Pokemon_613,Ice,Bug,89,137,176,44,76,180,5,False,702
614,Pokemon_614,Fairy,,220,168,180,47,202,192,5,False,1009
615,Pokemon_615,Normal,Water,163,123,79,212,125,183,1,False,885
616,Pokemon_616,Water,Dark,189,44,139,132,200,167,4,False,871
617,Pokemon_617,Psychic,Ghost,122,120,202,64,203,37,4,False,748
618,Pokemon_618,Water,,72,192,157,87,28,57,2,False,593
619,Pokemon_619,Dragon,Bug,159,62,194,26,41,170,2,False,652
620,Pokemon_620,Bug,Grass,89,241,42,68,160,128,6,False,728
621,Pokemon_621,Bug,Fairy,180,154,168,156,108,142,6,False,908
622,Pokemon_622,Steel,Poison,240,45,32,183,195,163,2,False,858
623,Pokemon_623,Bug,,60,191,120,102,37,168,6,True,678
624,Pokemon_624,Dark,Dark,34,95,180,148,134,123,3,False,714
625,Pokemon_625,Steel,Steel,240,197,43,157,223,159,2,False,1019
626,Pokemon_626,Bug,Normal,191,185,127,183,187,163,4,True,1036
627,Pokemon_627,Steel,,39,76,30,92,164,100,3,False,501
628,Pokemon_628,Ground,Psychic,118,196,36,65,162,106,6,False,683
629,Pokemon_629,Electric,,159,227,215,125,125,161,5,False,1012
630,Pokemon_630,Ground,Normal,155,230,194,179,34,80,1,False,872
631,Pokemon_631,Electric,Grass,40,177,44,51,226,65,2,False,603
632,Pokemon_632,Grass,Fire,207,153,113,25,82,51,5,False,631
633,Pokemon_633,Grass,Psychic,188,30,220,195,186,34,6,False,853
634,Pokemon_634,Fighting,Dark,85,229,40,185,32,63,4,True,634
635,Pokemon_635,Normal,Water,236,116,103,164,100,164,1,False,883
636,Pokemon_636,Fighting,Grass,230,157,159,93,51,188,5,False,878
637,Pokemon_637,Ice,Fairy,244,220,56,133,156,73,1,False,882
638,Pokemon_638,Psychic,Poison,112,96,61,46,59,63,2,True,437
639,Pokemon_639,Fire,Fighting,166,33,164,73,167,117,6,False,720
640,Pokemon_640,Normal,Dark,128,215,120,197,101,24,4,False,785
641,Pokemon_641,Flying,Poison,178,182,67,182,96,128,6,False,833
642,Pokemon_642,Poison,Steel,102,76,122,104,227,46,1,False,677
643,Pokemon_643,Ghost,Ground,185,67,47,146,220,135,5,False,800
644,Pokemon_644,Water,Ghost,219,172,60,172,210,106,2,False,939
645,Pokemon_645,Fairy,Fairy,144,220,118,175,95,123,2,False,875
646,Pokemon_646,Ghost,,36,50,66,130,191,142,6,False,615
647,Pokemon_647,Dragon,Ground,109,86,165,34,57,98,5,False,549
648,Pokemon_648,Flying,Dark,173,146,225,151,207,62,5,False,964
649,Pokemon_649,Dark,Ghost,126,210,124,112,90,116,1,False,778
650,Pokemon_650,Dark,Fighting,33,75,143,142,67,50,6,False,510
651,Pokemon_651,Bug,,33,171,218,92,37,118,6,False,669
652,Pokemon_652,Steel,Rock,132,233,32,174,163,36,3,False,770
653,Pokemon_653,Fairy,Grass,69,174,229,173,202,102,6,False,949
654,Pokemon_654,Electric,Poison,46,68,160,166,58,129,2,False,627
655,Pokemon_655,Fire,,130,166,119,111,215,51,1,False,792
656,Pokemon_656,Ground,Grass,132,128,50,36,206,187,5,False,739
657,Pokemon_657,Fairy,,153,106,149,62,108,160,6,False,738
658,Pokemon_658,Grass,Ghost,81,236,35,140,81,54,1,False,627
659,Pokemon_659,Dark,Dark,250,239,156,60,160,152,6,False,1017
660,Pokemon_660,Dark,Ghost,81,144,92,189,128,48,5,True,682
661,Pokemon_661,Ghost,Rock,193,254,185,197,100,89,4,False,1018
662,Pokemon_662,Ghost,Fairy,153,163,222,231,153,172,5,False,1094
663,Pokemon_663,Water,Poison,195,248,73,187,96,114,5,False,913
664,Pokemon_664,Dragon,,207,180,203,58,207,41,5,False,896
665,Pokemon_665,Ghost,Electric,92,216,119,132,109,192,6,False,860
666,Pokemon_666,Rock,Flying,145,120,128,170,33,88,3,False,684
667,Pokemon_667,Grass,Psychic,220,127,106,130,114,108,5,False,805
668,Pokemon_668,Dark,Steel,91,149,192,243,73,91,2,False,839
669,Pokemon_669,Ghost,,36,75,181,199,151,148,2,False,790
670,Pokemon_670,Bug,,184,67,156,66,58,191,1,False,722
671,Pokemon_671,Dark,Water,121,171,27,82,91,106,3,False,598
672,Pokemon_672,Dragon,Ground,243,129,26,244,44,115,1,False,801
673,Pokemon_673,Fighting,Bug,43,101,55,129,96,94,2,False,518
674,Pokemon_674,Psychic,Dragon,228,219,37,88,179,186,2,True,937
675,Pokemon_675,Grass,Fairy,115,64,22,62,206,73,4,False,542
676,Pokemon_676,Dark,Ground,162,176,47,195,210,107,5,False,897
677,Pokemon_677,Normal,,212,59,89,53,185,176,2,False,774
678,Pokemon_678,Ice,Fighting,159,107,191,59,139,73,6,False,728
679,Pokemon_679,Rock,Fighting,91,113,168,222,72,35,6,False,701
680,Pokemon_680,Fairy,Ghost,248,142,47,80,214,118,1,False,849
681,Pokemon_681,Rock,Dark,178,54,73,197,175,39,1,False,716
682,Pokemon_682,Poison,Psychic,108,197,201,214,150,65,5,False,935
683,Pokemon_683,Fairy,Bug,178,117,84,81,227,146,5,False,833
684,Pokemon_684,Dragon,Dragon,167,43,119,77,169,77,4,False,652
685,Pokemon_685,Electric,Fire,244,183,40,180,115,130,3,False,892
686,Pokemon_686,Ice,Psychic,87,131,32,94,185,148,1,False,677
687,Pokemon_687,Grass,Flying,149,244,76,35,219,100,5,False,823
688,Pokemon_688,Flying,Ground,196,179,68,101,91,176,1,False,811
689,Pokemon_689,Dragon,Bug,162,205,137,113,81,103,5,False,801
690,Pokemon_690,Fighting,,94,112,73,67,204,89,2,False,639
691,Pokemon_691,Dark,Flying,42,139,157,157,25,27,1,False,547
692,Pokemon_692,Electric,Fairy,242,208,72,101,225,48,2,False,896
693,Pokemon_693,Dark,Poison,247,160,63,57,51,131,1,False,709
694,Pokemon_694,Water,Ghost,242,199,66,146,118,198,3,False,969
695,Pokemon_695,Dark,Dark,210,48,72,38,157,180,4,False,705
696,Pokemon_696,Ground,Steel,111,230,93,183,150,150,6,False,917
697,Pokemon_697,Ground,,202,57,65,206,206,182,6,False,918
698,Pokemon_698,Fairy,Fire,189,241,32,82,95,127,6,False,766
699,Pokemon_699,Poison,Ice,193,202,184,96,196,128,2,True,999
700,Pokemon_700,Ice,Ground,238,100,121,193,78,39,5,False,769
701,Pokemon_701,Flying,Fighting,217,235,43,150,50,92,6,False,787
702,Pokemon_702,Normal,Fire,168,92,21,221,112,186,3,False,800
703,Pokemon_703,Psychic,Water,220,102,100,121,88,23,6,False,654
704,Pokemon_704,Water,Fire,178,153,119,84,209,38,1,False,781
705,Pokemon_705,Dragon,Fire,81,148,161,139,71,121,2,False,721
706,Pokemon_706,Psychic,Flying,212,150,157,110,108,192,1,False,929
707,Pokemon_707,Normal,Dragon,146,48,182,27,146,190,1,True,739
708,Pokemon_708,Fire,Fire,55,204,172,198,188,160,1,False,977
709,Pokemon_709,Psychic,Dragon,225,171,150,228,50,160,4,False,984
710,Pokemon_710,Psychic,,63,149,130,92,103,105,4,False,642
711,Pokemon_711,Steel,Rock,81,195,121,153,146,71,5,False,767
712,Pokemon_712,Electric,Water,141,210,36,126,169,130,2,False,812
713,Pokemon_713,Bug,Psychic,111,90,31,108,151,128,3,False,619
714,Pokemon_714,Flying,Rock,250,193,201,58,32,105,3,False,839
715,Pokemon_715,Grass,Ghost,209,197,135,132,64,62,3,False,799
716,Pokemon_716,Ground,Fighting,186,238,43,207,146,61,1,False,881
717,Pokemon_717,Normal,Dark,195,59,48,47,189,109,4,False,647
718,Pokemon_718,Electric,Water,71,38,190,116,133,134,2,False,682
719,Pokemon_719,Psychic,Ice,50,93,172,201,196,45,1,False,757
720,Pokemon_720,Water,Poison,71,190,141,56,39,170,4,False,667
721,Pokemon_721,Bug,Fairy,170,149,207,156,224,62,4,False,968
722,Pokemon_722,Electric,Ground,142,81,109,101,100,96,6,False,629
723,Pokemon_723,Dark,Bug,134,118,84,75,201,175,6,False,787
724,Pokemon_724,Psychic,Grass,221,171,103,206,183,156,2,False,1040
725,Pokemon_725,Fairy,Psychic,46,232,138,104,148,39,2,True,707
726,Pokemon_726,Psychic,Flying,149,82,175,21,162,58,2,False,647
727,Pokemon_727,Water,Psychic,166,216,35,208,224,198,1,False,1047
728,Pokemon_728,Dark,Flying,198,107,194,77,36,31,5,False,643
729,Pokemon_729,Bug,Rock,158,251,228,126,171,30,2,False,964
730,Pokemon_730,Ground,Flying,159,70,123,142,77,173,6,False,744
731,Pokemon_731,Dragon,Fighting,89,225,111,207,91,61,5,False,784
732,Pokemon_732,Poison,Poison,77,97,205,249,128,174,1,False,930
733,Pokemon_733,Normal,Ground,58,249,223,187,42,30,5,False,789
734,Pokemon_734,Psychic,Ground,126,37,46,183,193,57,3,False,642
735,Pokemon_735,Electric,Fighting,39,31,200,133,91,117,5,False,611
736,Pokemon_736,Fire,,87,134,189,126,27,190,2,False,753
737,Pokemon_737,Fairy,Dark,217,154,206,56,78,38,1,False,749
738,Pokemon_738,Poison,Rock,50,139,194,98,130,153,2,False,764
739,Pokemon_739,Dark,Bug,57,115,181,111,206,193,6,False,863
740,Pokemon_740,Fire,,232,198,184,37,32,135,3,False,818
741,Pokemon_741,Ghost,Steel,63,149,153,117,186,132,6,False,800
742,Pokemon_742,Psychic,Electric,37,156,154,82,175,189,2,False,793
743,Pokemon_743,Normal,Psychic,216,212,172,169,208,84,2,False,1061
744,Pokemon_744,Bug,Grass,243,45,52,158,35,118,2,False,651
745,Pokemon_745,Electric,Flying,229,250,74,205,138,91,4,False,987
746,Pokemon_746,Dragon,Ice,206,91,205,204,21,71,3,False,798
747,Pokemon_747,Bug,Ghost,108,142,26,224,229,137,2,False,866
748,Pokemon_748,Grass,Bug,174,205,76,23,164,194,2,False,836
749,Pokemon_749,Fire,Fighting,217,187,145,233,49,139,6,False,970
750,Pokemon_750,Psychic,Poison,116,41,31,154,122,26,6,False,490
751,Pokemon_751,Fighting,Poison,117,64,35,80,32,30,2,False,358
752,Pokemon_752,Ice,Dragon,202,40,227,126,115,122,1,False,832
753,Pokemon_753,Normal,Dragon,240,93,62,73,113,80,4,False,661
754,Pokemon_754,Ice,,98,79,136,107,101,87,6,False,608
755,Pokemon_755,Poison,,189,242,224,87,32,172,1,False,946
756,Pokemon_756,Water,Ghost,201,178,154,239,190,159,4,False,1121
757,Pokemon_757,Dragon,Electric,222,98,130,226,113,173,2,False,962
758,Pokemon_758,Ground,Dragon,116,77,70,148,168,121,3,False,700
759,Pokemon_759,Water,Ground,130,49,220,74,131,129,5,False,733
760,Pokemon_760,Fire,,37,130,179,22,74,159,5,False,601
761,Pokemon_761,Normal,,106,224,94,225,100,190,2,False,939
762,Pokemon_762,Flying,Poison,229,201,27,185,187,70,6,False,899
763,Pokemon_763,Fairy,Fighting,116,190,219,140,135,136,1,False,936
764,Pokemon_764,Flying,Psychic,72,230,64,148,162,184,3,False,860
765,Pokemon_765,Bug,Fighting,158,218,78,121,220,65,4,False,860
766,Pokemon_766,Dark,,138,166,151,57,199,72,2,False,783
767,Pokemon_767,Psychic,Normal,208,97,123,104,221,107,3,False,860
768,Pokemon_768,Grass,Flying,181,64,214,176,127,140,3,False,902
769,Pokemon_769,Fairy,Grass,181,238,176,152,72,32,6,False,851
770,Pokemon_770,Normal,Ice,46,245,176,221,147,108,4,False,943
771,Pokemon_771,Poison,,162,253,117,111,199,144,3,False,986
772,Pokemon_772,Fighting,Grass,177,94,175,40,177,137,6,False,800
773,Pokemon_773,Ghost,Dark,50,37,224,218,180,73,1,False,782
774,Pokemon_774,Bug,Fire,87,74,98,214,76,135,6,False,684
775,Pokemon_775,Flying,Rock,188,116,143,128,71,137,1,False,783
776,Pokemon_776,Water,Poison,139,204,191,66,156,23,1,True,779
777,Pokemon_777,Poison,Fairy,168,197,23,103,201,94,3,False,786
778,Pokemon_778,Grass,,209,105,109,102,130,68,6,False,723
779,Pokemon_779,Grass,,172,211,123,54,20,26,1,False,606
780,Pokemon_780,Fire,Normal,240,105,156,215,63,129,4,False,908
781,Pokemon_781,Ground,Electric,164,203,138,88,94,141,3,False,828
782,Pokemon_782,Ground,Poison,57,76,152,148,117,30,6,False,580
783,Pokemon_783,Bug,,80,44,75,215,227,111,6,False,752
784,Pokemon_784,Flying,Fighting,215,134,115,159,28,192,5,False,843
785,Pokemon_785,Normal,Fairy,34,176,197,207,51,42,6,False,707
786,Pokemon_786,Ghost,,34,55,94,46,34,47,3,False,310
787,Pokemon_787,Grass,Flying,123,81,162,75,159,130,4,False,730
788,Pokemon_788,Normal,Electric,125,122,51,42,225,76,6,False,641
789,Pokemon_789,Normal,,37,179,47,172,204,45,5,False,684
790,Pokemon_790,Ghost,Water,93,50,41,40,155,172,3,False,551
791,Pokemon_791,Electric,Electric,167,80,36,80,91,73,1,False,527
792,Pokemon_792,Dragon,Water,67,67,78,82,174,48,2,False,516
793,Pokemon_793,Ice,Dark,140,49,109,141,209,116,2,False,764
794,Pokemon_794,Fighting,Water,253,186,218,71,31,183,1,False,942
795,Pokemon_795,Ground,Electric,141,208,125,107,84,33,6,False,698
796,Pokemon_796,Ground,Psychic,249,161,204,172,126,97,2,False,1009
797,Pokemon_797,Rock,Rock,110,84,45,74,61,54,2,False,428
798,Pokemon_798,Ground,Ice,252,228,44,65,209,49,1,False,847
799,Pokemon_799,Ghost,,165,121,157,51,134,111,6,False,739
800,Pokemon_800,Psychic,,133,57,64,74,158,36,6,False,522
